user_id,product_id,product_name,brand,price,rating
19,1,Dress,Adidas,40,1.043159211
97,2,Shoes,H&M,82,4.026416271
25,3,Dress,Adidas,44,3.337937559
57,4,Shoes,Zara,23,1.049522956
79,5,T-shirt,Adidas,79,4.302773408
98,6,Dress,Adidas,47,1.37956574
16,7,Jeans,Gucci,37,1.356750375
63,8,Sweater,Zara,64,4.360303289
96,9,Sweater,H&M,53,4.466181876
36,10,T-shirt,Zara,55,4.093234402
69,11,T-shirt,Adidas,51,1.160987957
87,12,Sweater,Gucci,91,2.699735538
9,13,Jeans,Nike,35,1.60119358
50,14,Dress,Zara,34,2.921004204
31,15,Shoes,Zara,54,3.670412239
37,16,Dress,Adidas,27,1.422716143
41,17,Dress,Gucci,75,1.480632132
15,18,Jeans,Gucci,73,4.498244681
84,19,Shoes,Gucci,54,3.278340556
56,20,Dress,Gucci,53,3.785245245
87,21,Jeans,H&M,56,2.609587353
56,22,Jeans,Gucci,89,4.568632343
60,23,Jeans,Zara,91,4.072724797
64,24,Jeans,Zara,15,2.499756274
65,25,Sweater,H&M,38,1.020492671
26,26,Dress,Gucci,21,4.748169005
82,27,T-shirt,Adidas,72,3.301743408
87,28,Shoes,Zara,32,2.82280286
98,29,Shoes,Gucci,85,4.940985221
20,30,Sweater,Nike,99,3.110113573
36,31,Jeans,H&M,37,2.755187149
98,32,T-shirt,Nike,78,3.44728947
69,33,Jeans,H&M,89,4.799409019
31,34,Jeans,H&M,80,3.92326116
48,35,Jeans,Zara,37,4.173991568
18,36,Dress,H&M,74,1.014996128
27,37,Sweater,Zara,48,4.947664783
60,38,T-shirt,Nike,76,2.663067924
46,39,Jeans,Adidas,90,1.788771519
84,40,Dress,Zara,26,2.435611336
43,41,Jeans,Gucci,40,2.922173646
43,42,Shoes,Zara,43,1.671958886
91,43,T-shirt,Adidas,39,3.601868547
78,44,Jeans,Nike,74,2.039156739
60,45,Jeans,Gucci,85,4.886711103
44,46,Dress,Zara,38,2.827869831
93,47,Jeans,Zara,62,1.280731686
74,48,T-shirt,Gucci,10,1.836963966
19,49,Sweater,Gucci,52,3.012240786
98,50,T-shirt,H&M,38,3.083285933
51,51,Jeans,Adidas,67,3.842990023
80,52,Dress,Nike,59,3.964195138
39,53,T-shirt,Nike,16,1.29231997
33,54,Shoes,H&M,33,2.450522629
78,55,Sweater,Adidas,76,2.820647079
24,56,Dress,Nike,53,2.251328487
99,57,Sweater,Adidas,52,3.613136293
83,58,Shoes,Adidas,61,1.684541374
38,59,Dress,Nike,93,3.158493604
51,60,Shoes,H&M,24,1.59071307
63,61,Shoes,Adidas,25,1.04240882
54,62,T-shirt,Nike,66,2.063108735
53,63,Jeans,Zara,55,4.026271066
50,64,Shoes,Gucci,72,1.779210786
6,65,Shoes,H&M,33,3.045016003
87,66,Sweater,H&M,59,4.55091731
84,67,Jeans,Gucci,41,4.251683239
43,68,T-shirt,Gucci,76,4.30493624
3,69,Sweater,Gucci,74,3.6666674
6,70,Dress,Gucci,36,2.538600852
15,71,Sweater,Adidas,35,4.864999298
94,72,T-shirt,H&M,51,2.793625807
98,73,T-shirt,Gucci,34,2.923982057
6,74,Dress,Zara,68,2.880808188
42,75,Dress,H&M,86,2.8894437
54,76,Jeans,Adidas,39,2.974139315
37,77,Sweater,H&M,90,2.228263165
9,78,T-shirt,Nike,76,1.297257193
26,79,T-shirt,Nike,11,1.333422087
71,80,Jeans,Nike,21,2.93805629
72,81,T-shirt,Nike,66,2.403440002
100,82,Dress,H&M,31,4.612706003
69,83,Shoes,Nike,49,1.421790367
19,84,Sweater,Adidas,42,2.560174045
84,85,Shoes,Nike,89,1.107632847
4,86,Sweater,Zara,50,3.276221603
21,87,Shoes,Nike,41,4.126941614
85,88,Dress,Nike,61,2.557892132
10,89,Dress,Gucci,66,3.896436962
2,90,Jeans,H&M,37,3.961592463
90,91,Jeans,H&M,85,3.052555822
6,92,Jeans,Adidas,100,1.845071304
33,93,Shoes,Nike,70,4.928128215
12,94,Shoes,Zara,21,3.941875648
62,95,Shoes,Gucci,58,1.971525135
22,96,Dress,Gucci,30,4.65525163
18,97,Jeans,Gucci,52,3.761890551
44,98,Sweater,Gucci,61,4.277089916
25,99,Shoes,Nike,93,4.280090725
79,100,Shoes,Adidas,84,1.837199422
52,101,Jeans,Zara,95,1.501754271
71,102,Sweater,Gucci,19,4.211889573
57,103,Jeans,Zara,84,3.649170715
64,104,Jeans,H&M,24,4.737257325
35,105,Jeans,Zara,52,1.75093116
63,106,Jeans,H&M,21,2.726230341
19,107,Sweater,Zara,23,3.321346928
80,108,Sweater,Gucci,13,4.278042968
77,109,Jeans,Nike,73,2.727659601
22,110,Sweater,Gucci,33,4.665058099
99,111,Shoes,Zara,55,2.393684591
92,112,Jeans,Adidas,15,2.44626948
97,113,T-shirt,Zara,60,1.188491798
48,114,Shoes,H&M,37,1.457139594
37,115,Dress,Adidas,64,2.887806601
77,116,Shoes,Adidas,60,3.114797145
52,117,Dress,Zara,75,3.992174604
63,118,Dress,Adidas,71,3.517315773
10,119,Jeans,Nike,73,2.657925071
77,120,T-shirt,H&M,12,2.507310693
95,121,T-shirt,Gucci,96,1.633989597
90,122,Sweater,H&M,36,4.425129582
80,123,Sweater,Nike,65,2.647393415
65,124,Sweater,H&M,62,1.09081315
56,125,Sweater,H&M,56,4.139373023
65,126,T-shirt,Nike,55,4.851703509
7,127,Shoes,Zara,47,4.86740353
100,128,T-shirt,H&M,61,2.310493963
70,129,T-shirt,Zara,85,2.104322007
40,130,Shoes,Nike,81,1.021972485
70,131,T-shirt,H&M,50,3.377493367
100,132,Sweater,Adidas,10,2.997701328
29,133,Shoes,H&M,28,1.664542402
23,134,Sweater,Zara,60,3.63365153
94,135,Dress,Adidas,14,3.654703013
34,136,Shoes,Zara,45,1.017654743
44,137,Dress,Gucci,90,3.320508609
16,138,Dress,H&M,23,1.811578261
73,139,Sweater,Gucci,45,3.540081867
54,140,Shoes,Zara,40,2.022643003
58,141,Jeans,Nike,28,4.441575548
46,142,Shoes,Nike,38,4.403932394
88,143,Shoes,Gucci,81,4.922934883
75,144,Shoes,Adidas,57,1.000967235
34,145,T-shirt,Zara,60,4.821956689
75,146,Shoes,Adidas,53,3.466387981
54,147,Shoes,Gucci,48,2.582393026
39,148,Shoes,Adidas,82,2.716311659
95,149,Jeans,Adidas,56,4.001270462
67,150,T-shirt,Nike,43,1.197330723
5,151,Shoes,Adidas,77,2.35206414
31,152,Jeans,Nike,71,4.815682355
2,153,Shoes,Nike,31,1.946292676
51,154,Dress,Zara,11,2.301224631
91,155,T-shirt,Gucci,48,2.433795362
92,156,T-shirt,Adidas,21,1.154187364
39,157,Dress,Adidas,67,3.981751298
99,158,Shoes,Adidas,88,2.923330927
10,159,Jeans,Nike,50,2.241727301
46,160,Shoes,Gucci,35,2.983802721
80,161,Sweater,Adidas,67,4.735471557
40,162,T-shirt,Nike,48,2.98164149
18,163,Dress,Nike,93,4.268027667
16,164,T-shirt,Nike,68,2.636594899
34,165,Jeans,Gucci,67,2.275472954
100,166,Sweater,Adidas,96,4.743823985
92,167,Shoes,Zara,43,4.47806137
54,168,Sweater,Gucci,69,4.456580599
62,169,Shoes,Zara,98,1.089462325
50,170,Sweater,Gucci,20,3.465192594
24,171,Jeans,Nike,42,1.767866521
13,172,Jeans,Zara,32,4.795455839
98,173,Dress,Nike,21,3.101798554
82,174,Jeans,Adidas,80,3.334538872
48,175,Dress,Adidas,55,1.913270934
59,176,Dress,H&M,91,1.998148132
56,177,Sweater,Nike,12,4.567658317
93,178,Jeans,Nike,26,1.687869595
54,179,Shoes,Adidas,53,1.02832306
61,180,T-shirt,Zara,43,2.366447234
74,181,Shoes,H&M,80,4.829054628
39,182,Jeans,Zara,68,4.358912645
20,183,Jeans,Zara,67,2.675231958
67,184,Sweater,Zara,67,3.448527594
38,185,Sweater,Gucci,34,1.565354209
16,186,Jeans,Adidas,56,2.434972507
81,187,Jeans,Zara,36,3.043009203
33,188,Shoes,Nike,44,4.359929899
55,189,Jeans,Adidas,15,3.466920439
38,190,Sweater,Zara,32,4.033069074
48,191,T-shirt,Gucci,95,3.230677667
35,192,Sweater,Zara,87,3.961569667
8,193,T-shirt,H&M,60,2.936956139
56,194,Sweater,Adidas,92,3.792556244
32,195,Shoes,Zara,60,3.344866684
72,196,Jeans,Gucci,17,1.289426342
48,197,Jeans,Nike,90,2.299034126
3,198,T-shirt,Zara,67,3.032124841
39,199,T-shirt,Zara,15,4.980655634
75,200,Sweater,H&M,45,4.124427218
21,201,Jeans,Zara,57,4.246084617
84,202,Sweater,Nike,40,3.495501605
53,203,Jeans,Zara,75,1.876204845
3,204,T-shirt,Zara,81,1.89324317
41,205,T-shirt,H&M,73,2.976563105
64,206,Jeans,Nike,56,4.360464131
30,207,Sweater,Gucci,53,2.789540795
9,208,Jeans,Zara,79,2.671151972
88,209,Dress,H&M,30,1.028669878
36,210,Jeans,Adidas,42,2.049039595
6,211,Jeans,Zara,50,3.173827063
24,212,T-shirt,Adidas,71,3.439552435
76,213,Jeans,Zara,80,4.860237045
59,214,Dress,Adidas,98,1.793905201
49,215,T-shirt,Adidas,49,3.623237714
87,216,Shoes,Gucci,57,3.882450495
7,217,Sweater,Gucci,98,1.438125731
94,218,Sweater,Gucci,69,3.077033066
78,219,Dress,H&M,97,1.968835967
35,220,T-shirt,H&M,42,4.505382327
68,221,T-shirt,Adidas,49,2.859178546
77,222,Dress,Adidas,36,1.105318739
33,223,Jeans,Gucci,73,2.970808688
48,224,T-shirt,Adidas,88,1.748627957
46,225,Dress,Nike,61,1.635194216
6,226,Sweater,H&M,16,2.431736482
44,227,Dress,Adidas,20,4.144274439
66,228,Shoes,H&M,15,1.967415572
81,229,Shoes,Adidas,65,1.823312905
96,230,Shoes,Zara,82,4.592905504
92,231,Dress,Zara,33,4.738404628
93,232,Jeans,Zara,49,1.4143585
79,233,Shoes,Nike,39,4.706320333
64,234,Sweater,H&M,55,1.699052197
61,235,Shoes,Zara,50,1.814530127
40,236,Shoes,Zara,44,1.718297859
68,237,Shoes,Adidas,58,3.662010629
10,238,Shoes,Adidas,47,2.146848906
33,239,Shoes,Gucci,93,3.956210591
27,240,Dress,H&M,10,2.234526853
55,241,Jeans,Gucci,21,2.404954172
72,242,Dress,H&M,52,4.128792274
88,243,Shoes,H&M,79,1.05931859
77,244,Sweater,Zara,85,3.4746219
27,245,Dress,H&M,15,2.33366971
89,246,Jeans,Gucci,68,3.184283802
32,247,Shoes,Zara,72,2.260192199
83,248,Sweater,Zara,81,3.616173283
34,249,Jeans,H&M,41,1.875618714
68,250,Dress,H&M,21,2.772521447
46,251,Jeans,Gucci,87,2.193283427
43,252,Dress,H&M,25,1.659000335
65,253,T-shirt,Zara,98,4.236829853
20,254,Jeans,Gucci,15,1.393034744
74,255,T-shirt,H&M,81,2.550519354
33,256,Jeans,Gucci,86,2.059769414
38,257,Shoes,Nike,82,3.481409233
86,258,Dress,Gucci,14,3.563482806
44,259,Shoes,Nike,27,2.504419165
34,260,Dress,Adidas,59,4.154888892
50,261,Dress,Zara,49,2.981081581
68,262,Jeans,Gucci,94,4.28858144
5,263,Jeans,Zara,71,4.053594853
46,264,Dress,Gucci,55,3.190616884
8,265,T-shirt,H&M,60,2.746730355
51,266,Jeans,Gucci,62,2.367762561
25,267,Jeans,Adidas,53,4.441337119
32,268,Jeans,Adidas,22,3.939581932
34,269,Shoes,H&M,100,4.743391172
3,270,Sweater,Adidas,60,4.213088307
76,271,Jeans,Nike,45,4.075216259
43,272,Dress,Nike,95,2.311251113
4,273,Dress,Nike,29,1.764609254
77,274,Dress,Adidas,18,1.657266961
58,275,Jeans,Nike,93,3.809488549
73,276,Jeans,Nike,43,1.393377273
50,277,Dress,H&M,49,1.889881364
4,278,Jeans,Gucci,98,2.958504997
3,279,Shoes,Adidas,11,2.191241877
31,280,Dress,Gucci,19,2.129731799
30,281,Jeans,H&M,67,2.256525934
18,282,Jeans,Nike,75,1.266590167
95,283,Sweater,H&M,80,4.17982815
78,284,T-shirt,Zara,23,3.814152154
49,285,Sweater,Nike,80,3.70418879
69,286,T-shirt,H&M,13,3.236064278
71,287,T-shirt,Zara,62,4.537102679
13,288,Sweater,Nike,38,2.108827714
88,289,Sweater,Adidas,18,2.805553334
38,290,Sweater,Zara,13,4.883941462
3,291,Dress,H&M,64,4.818010098
91,292,T-shirt,Nike,63,3.075503826
9,293,Sweater,Nike,96,2.769660905
4,294,Dress,H&M,89,4.092572015
39,295,Dress,H&M,56,2.424542625
99,296,T-shirt,H&M,25,4.100230323
30,297,Sweater,Gucci,14,1.877989508
4,298,Shoes,Zara,14,1.416317141
69,299,Shoes,Gucci,21,2.954602656
3,300,Shoes,Adidas,57,4.923508936
66,301,Shoes,Adidas,93,2.044992494
49,302,T-shirt,Gucci,37,4.903871566
11,303,Jeans,Gucci,94,3.685862143
7,304,Dress,Adidas,85,1.300398563
26,305,Shoes,H&M,90,2.330814132
73,306,T-shirt,Gucci,23,2.800679753
62,307,Dress,Zara,11,3.889022253
42,308,Jeans,Adidas,60,4.42216008
37,309,Jeans,Gucci,17,3.754996802
61,310,Jeans,H&M,83,3.945481349
55,311,Jeans,Nike,55,4.803390239
41,312,Jeans,Zara,45,2.927937578
97,313,Shoes,H&M,76,4.512074442
13,314,Jeans,Nike,94,2.062362221
90,315,Jeans,Nike,56,1.21795546
34,316,Jeans,H&M,68,2.098501017
55,317,Dress,Adidas,23,4.395249785
88,318,Sweater,Zara,49,1.15586985
39,319,Jeans,H&M,61,1.231913046
25,320,Sweater,H&M,86,3.146928023
34,321,Shoes,Gucci,40,4.452209683
58,322,Shoes,H&M,18,1.707225428
30,323,Shoes,Zara,95,2.326168452
3,324,Sweater,Gucci,18,4.530634427
67,325,T-shirt,Nike,91,2.668089208
7,326,Jeans,Zara,20,3.313869752
95,327,Dress,Adidas,72,4.572943413
34,328,Jeans,Adidas,12,1.295316214
49,329,Jeans,Nike,56,3.73603013
15,330,T-shirt,Zara,26,2.137827815
61,331,T-shirt,Adidas,25,3.272901426
25,332,Shoes,Zara,75,3.149412946
60,333,Dress,H&M,70,2.042428987
80,334,Sweater,Zara,16,1.855252274
25,335,Sweater,Gucci,88,3.396661563
71,336,T-shirt,Nike,28,4.169716343
1,337,Shoes,Nike,80,1.591559598
22,338,Sweater,Nike,70,1.444198704
46,339,Dress,Gucci,74,1.804017418
52,340,Sweater,Adidas,32,1.246471514
27,341,Jeans,Gucci,91,4.473672898
69,342,Sweater,Zara,27,3.979717427
29,343,T-shirt,Gucci,91,4.74202906
42,344,Dress,Nike,44,3.873916155
97,345,Shoes,H&M,67,1.420409071
62,346,Jeans,Adidas,19,4.829417307
76,347,Dress,H&M,18,1.110510848
52,348,Shoes,Zara,76,2.915742059
36,349,Dress,Adidas,97,3.150290196
50,350,Jeans,H&M,80,2.797018296
52,351,Jeans,Nike,95,4.471219775
41,352,Dress,H&M,71,1.50329194
87,353,Sweater,Nike,78,2.912222167
7,354,Dress,Gucci,74,3.864665917
59,355,Sweater,Nike,43,2.489550581
93,356,Dress,Zara,68,4.330070804
89,357,T-shirt,Adidas,15,3.412001229
66,358,Shoes,Adidas,55,1.174952648
55,359,Dress,Nike,68,4.449500338
42,360,Sweater,H&M,24,2.257292487
78,361,Sweater,H&M,62,1.760450534
22,362,Jeans,Adidas,15,1.281293053
72,363,Jeans,Nike,33,3.142884987
60,364,Jeans,Nike,65,2.040456962
92,365,T-shirt,Nike,16,3.282472037
7,366,Dress,Nike,29,4.153341476
17,367,Shoes,Nike,31,2.710665415
60,368,Shoes,Nike,35,1.541757712
62,369,Shoes,Nike,96,3.795107582
75,370,T-shirt,Nike,58,2.634244312
65,371,Dress,Nike,33,1.081098282
63,372,Dress,Nike,41,1.843919361
87,373,T-shirt,Adidas,63,3.153142823
23,374,Jeans,Nike,20,1.474025215
68,375,Jeans,Zara,49,4.268766181
16,376,Shoes,H&M,22,3.833159814
33,377,Shoes,Zara,54,3.722545456
55,378,T-shirt,Nike,45,3.571269953
89,379,Jeans,Nike,25,3.637552903
73,380,Dress,Gucci,23,1.204175626
32,381,Shoes,H&M,23,3.324489276
97,382,T-shirt,Gucci,93,3.584985286
32,383,Jeans,H&M,86,2.533853796
90,384,Sweater,H&M,84,1.461914043
74,385,Shoes,Gucci,35,3.666720052
27,386,Dress,Adidas,17,3.578353949
52,387,Dress,Adidas,24,1.169952748
7,388,T-shirt,H&M,86,4.11723275
51,389,T-shirt,Zara,91,1.547099791
89,390,Sweater,Adidas,86,4.448025482
66,391,Dress,Gucci,25,3.828184813
73,392,T-shirt,Zara,53,2.8148203
19,393,Shoes,H&M,32,1.752218472
77,394,T-shirt,Gucci,56,3.532018951
90,395,Shoes,Nike,14,2.590749419
33,396,Shoes,Zara,74,2.865913132
100,397,Shoes,Zara,94,1.573943498
39,398,T-shirt,H&M,16,2.190953332
36,399,Dress,Adidas,37,2.6298403
95,400,Jeans,H&M,91,2.434738189
41,401,Jeans,Gucci,93,4.63661739
10,402,Shoes,H&M,30,1.50367936
83,403,Shoes,Adidas,61,3.485748049
37,404,Shoes,Adidas,71,2.938891562
61,405,Jeans,Adidas,30,2.679992529
89,406,Shoes,Nike,54,1.751391581
50,407,Shoes,Nike,78,3.582101277
54,408,Sweater,H&M,62,2.984203036
28,409,Shoes,Nike,26,2.010899196
48,410,Jeans,H&M,64,4.723107548
35,411,Sweater,Nike,67,3.263647259
66,412,Shoes,Nike,63,3.40240993
18,413,Jeans,Zara,21,4.849343339
13,414,Dress,Zara,63,2.175163962
22,415,Jeans,H&M,41,2.728876535
30,416,Sweater,H&M,92,3.251515841
58,417,Shoes,H&M,88,2.846891504
82,418,Jeans,Zara,34,4.986091107
44,419,T-shirt,H&M,72,3.302575649
79,420,Jeans,Adidas,81,4.720487413
18,421,T-shirt,Nike,89,1.654133332
79,422,Dress,Nike,20,2.115579785
56,423,Jeans,Adidas,83,4.502435021
52,424,Shoes,Adidas,45,3.055542338
100,425,Jeans,Nike,96,3.812085671
11,426,Jeans,Zara,48,4.644768215
8,427,T-shirt,Zara,15,4.717963173
80,428,T-shirt,Gucci,34,1.904094939
57,429,Shoes,Gucci,94,3.828901927
72,430,T-shirt,Nike,92,2.771944721
46,431,Jeans,H&M,18,2.621390486
7,432,Jeans,H&M,55,2.238621627
10,433,Jeans,H&M,59,3.87845411
44,434,T-shirt,Zara,22,1.705658206
46,435,T-shirt,Adidas,47,2.722706085
27,436,T-shirt,Zara,99,2.822618311
9,437,Shoes,Gucci,96,3.129701671
89,438,T-shirt,Adidas,86,4.685958152
71,439,Jeans,Zara,20,2.574077979
49,440,Dress,Zara,83,4.720335238
47,441,Sweater,Adidas,50,1.841605619
88,442,T-shirt,H&M,74,3.907727442
37,443,Sweater,Gucci,11,3.021282847
84,444,Dress,Nike,31,1.564570818
38,445,Sweater,H&M,74,4.199138754
18,446,Shoes,Adidas,91,1.129824851
84,447,Shoes,H&M,27,4.730448148
75,448,Shoes,Gucci,53,2.144847419
5,449,Shoes,H&M,82,4.547042542
92,450,Shoes,Nike,59,4.326285345
42,451,T-shirt,Adidas,69,2.978109187
43,452,Jeans,H&M,11,3.702569195
30,453,Shoes,Nike,34,2.573801588
50,454,Shoes,Zara,47,3.665802584
58,455,T-shirt,Gucci,51,1.290974737
93,456,Shoes,Gucci,14,4.435460757
70,457,Jeans,Gucci,36,1.595981702
20,458,T-shirt,Gucci,18,1.184450033
52,459,Dress,Adidas,10,2.342762728
39,460,Jeans,H&M,94,2.582289276
43,461,Shoes,Zara,93,1.030127034
65,462,Dress,Zara,34,2.029820364
24,463,Dress,Adidas,25,3.182324449
53,464,Shoes,Zara,74,1.362157546
1,465,T-shirt,Gucci,17,1.202302846
30,466,Sweater,H&M,37,1.064478592
13,467,Jeans,Adidas,69,1.795343557
40,468,Dress,Zara,38,1.314761528
83,469,Dress,Nike,95,4.90629582
76,470,T-shirt,Adidas,34,4.638343236
38,471,T-shirt,Nike,96,2.31929243
11,472,Jeans,Adidas,67,3.482992748
98,473,Dress,Nike,51,1.688509535
79,474,Dress,H&M,68,1.370661542
73,475,Sweater,H&M,69,4.074193704
14,476,Shoes,H&M,70,4.077371639
100,477,Sweater,Nike,30,1.559270898
77,478,T-shirt,H&M,12,1.342996212
1,479,Sweater,Nike,51,1.197572306
9,480,Dress,Nike,70,1.792727108
52,481,Jeans,Zara,24,1.671659401
85,482,Dress,Gucci,97,3.57821856
86,483,T-shirt,Zara,75,2.651376557
92,484,Sweater,Gucci,47,2.1247466
54,485,Dress,H&M,70,2.638129577
69,486,Jeans,Adidas,69,1.202709784
21,487,T-shirt,Adidas,62,3.698950312
30,488,Sweater,H&M,81,1.194998349
45,489,Dress,Adidas,37,3.560668439
12,490,T-shirt,Nike,41,1.979704402
55,491,Dress,Zara,42,3.122132855
30,492,Sweater,Zara,69,1.378184911
57,493,Shoes,H&M,88,3.126248293
54,494,Sweater,Zara,82,4.680935629
14,495,Jeans,Nike,78,1.129654007
92,496,T-shirt,Adidas,59,1.72769559
88,497,Jeans,Gucci,30,3.697727096
50,498,Dress,Zara,59,2.985982414
60,499,Dress,Adidas,93,2.601402474
36,500,Shoes,Zara,88,1.70443952
20,501,Sweater,Adidas,41,4.322167156
61,502,Dress,Zara,33,4.987964321
84,503,Sweater,Adidas,16,4.534499079
70,504,Sweater,Zara,22,2.096109252
24,505,Dress,Zara,75,1.729782149
47,506,Shoes,Nike,51,3.983456227
37,507,T-shirt,Zara,85,4.056667235
72,508,Dress,Gucci,25,4.459064433
95,509,Dress,Gucci,28,1.957709762
9,510,Shoes,Nike,60,3.108177745
52,511,Jeans,H&M,78,2.930071614
71,512,Shoes,Nike,92,2.36236785
7,513,Jeans,Zara,65,4.061790922
27,514,Dress,Adidas,47,3.432789514
1,515,Dress,Nike,64,3.748936698
51,516,Shoes,Gucci,33,1.604158864
29,517,T-shirt,Gucci,74,2.848969458
87,518,Sweater,Gucci,56,2.580412062
28,519,Sweater,Adidas,29,3.475022401
8,520,Dress,Zara,13,3.070483462
90,521,T-shirt,Adidas,19,3.256780572
24,522,Sweater,Adidas,80,2.939079723
82,523,Sweater,Gucci,71,1.224769959
51,524,T-shirt,Nike,47,1.934450018
72,525,T-shirt,Adidas,58,2.443379936
36,526,Jeans,Zara,70,2.929688349
12,527,T-shirt,Nike,31,4.147790663
98,528,Shoes,Zara,33,2.714762174
77,529,Shoes,Gucci,59,1.995143535
7,530,Shoes,Adidas,71,3.356410402
50,531,Dress,H&M,45,2.893097706
32,532,Shoes,Zara,21,2.066029254
12,533,Shoes,Nike,11,4.825169004
40,534,Dress,Adidas,94,4.508485513
24,535,Jeans,Nike,87,1.204241995
82,536,Dress,H&M,18,3.347461074
41,537,Jeans,Nike,68,2.405967071
11,538,Dress,Nike,94,2.369527546
26,539,T-shirt,Nike,10,3.101623434
26,540,Jeans,H&M,80,1.165614991
48,541,Jeans,Nike,17,2.136926727
35,542,Dress,Adidas,92,4.022021188
15,543,Jeans,Gucci,86,4.165312333
54,544,T-shirt,Nike,77,3.556866321
68,545,Shoes,Zara,82,2.004271238
6,546,Shoes,Zara,93,1.356261781
6,547,Sweater,H&M,89,2.544323557
79,548,Sweater,Zara,65,1.492992563
11,549,Dress,Zara,96,4.28395114
57,550,T-shirt,Nike,69,2.928257743
49,551,Jeans,H&M,83,4.073676652
2,552,Sweater,Adidas,50,4.480168913
10,553,Shoes,Adidas,90,1.19849412
11,554,Sweater,Adidas,51,4.096963789
21,555,T-shirt,Adidas,67,3.936087109
26,556,T-shirt,H&M,39,2.600749076
45,557,Shoes,Adidas,85,1.502021998
2,558,Jeans,Adidas,23,2.02668227
6,559,Shoes,Gucci,10,4.233459276
31,560,Dress,Adidas,99,1.002064069
65,561,Shoes,Zara,96,3.968456345
37,562,T-shirt,Zara,29,4.440105991
44,563,Shoes,Adidas,39,4.043087203
70,564,Shoes,Adidas,31,4.56326549
13,565,Sweater,Nike,11,2.592885049
100,566,Dress,Gucci,80,4.024158908
27,567,Dress,Zara,96,1.206722946
61,568,Sweater,Gucci,20,3.492861271
92,569,Dress,Nike,55,4.239391099
4,570,T-shirt,Adidas,54,1.452466382
23,571,Jeans,Nike,23,2.619218369
17,572,Sweater,H&M,63,4.051564761
80,573,Shoes,Zara,78,3.401509068
9,574,Jeans,Gucci,92,4.491894014
99,575,T-shirt,H&M,72,4.755480008
76,576,T-shirt,H&M,26,3.089887685
41,577,T-shirt,H&M,66,2.160695512
65,578,Dress,Gucci,48,3.121693131
26,579,Shoes,Gucci,57,4.985949919
38,580,Shoes,Adidas,92,2.494203848
65,581,Sweater,Zara,83,4.715188839
24,582,Dress,Zara,70,2.243103547
96,583,Dress,H&M,64,4.45499231
71,584,T-shirt,Gucci,17,2.635500721
6,585,Jeans,Adidas,68,3.591688841
38,586,Sweater,Nike,99,2.280076389
41,587,T-shirt,Adidas,50,1.252961727
46,588,T-shirt,Gucci,24,3.411287732
71,589,T-shirt,Adidas,99,1.024249752
56,590,T-shirt,Nike,65,2.429329839
61,591,Jeans,Gucci,97,2.036236385
29,592,Jeans,Nike,47,1.759075153
97,593,Sweater,H&M,89,3.145519148
97,594,Sweater,Nike,86,3.842198105
53,595,T-shirt,Gucci,96,3.633088055
9,596,Dress,H&M,35,3.939543888
95,597,Jeans,H&M,38,3.243975902
79,598,Shoes,Gucci,77,1.426440501
52,599,T-shirt,H&M,80,4.465901208
40,600,T-shirt,Adidas,97,1.497399016
80,601,Dress,Adidas,44,1.034707249
7,602,Sweater,Zara,11,4.342864389
26,603,Dress,Zara,13,2.030988403
74,604,T-shirt,Gucci,10,3.976500694
92,605,Jeans,Adidas,62,2.901295957
35,606,Dress,Nike,28,4.2147036
40,607,T-shirt,Nike,55,1.178803098
90,608,T-shirt,H&M,51,2.711081219
89,609,Sweater,Adidas,75,4.785525241
85,610,Shoes,H&M,62,2.532856212
2,611,Shoes,Gucci,85,2.032281097
28,612,Shoes,Zara,27,2.269794299
80,613,Jeans,Gucci,37,4.652599022
89,614,Sweater,Gucci,47,1.350981011
44,615,T-shirt,Nike,67,2.8944503
80,616,Dress,Zara,98,4.871838867
19,617,Jeans,Adidas,77,1.702611669
51,618,Shoes,Gucci,85,4.728247063
10,619,T-shirt,Nike,97,1.28844434
68,620,Sweater,Nike,37,3.462154378
17,621,Shoes,H&M,72,2.650083893
30,622,T-shirt,Nike,45,3.784631414
67,623,Shoes,Adidas,62,1.610505131
83,624,T-shirt,Nike,70,4.450171665
75,625,Shoes,Adidas,78,3.452532367
44,626,Jeans,Adidas,29,4.180330342
61,627,T-shirt,Adidas,94,1.871649611
93,628,Sweater,Nike,64,3.812676437
80,629,Shoes,Gucci,95,3.579320092
74,630,T-shirt,Nike,84,1.66146129
65,631,T-shirt,Zara,32,4.197234004
64,632,Dress,Zara,66,3.75533768
73,633,Dress,Nike,72,3.751515852
9,634,Shoes,Nike,27,1.295296419
34,635,Jeans,Adidas,29,2.235056997
10,636,Shoes,Gucci,96,4.602210649
33,637,Shoes,Zara,55,3.770055015
7,638,Sweater,Adidas,22,4.905280461
22,639,Shoes,Zara,26,3.552471479
11,640,T-shirt,Zara,72,2.751416671
10,641,Shoes,Zara,20,1.985714888
75,642,T-shirt,Gucci,22,4.965199289
63,643,T-shirt,Zara,42,4.62809882
64,644,Shoes,H&M,79,1.074566723
46,645,T-shirt,Zara,98,4.696076856
36,646,Sweater,Zara,36,2.814233499
25,647,Shoes,Adidas,60,1.615967237
74,648,T-shirt,Gucci,20,3.260638818
82,649,T-shirt,Gucci,76,2.441480658
22,650,Dress,Gucci,99,4.309089575
35,651,Shoes,Gucci,16,1.005087152
8,652,Jeans,Zara,74,1.062507176
65,653,Dress,Gucci,17,4.811990498
34,654,Shoes,Zara,42,4.276502786
6,655,T-shirt,Zara,33,1.99931231
67,656,Jeans,Nike,79,4.660541004
36,657,Jeans,Nike,87,2.097545483
60,658,Jeans,Adidas,40,3.252305172
97,659,Shoes,Zara,21,1.024989526
11,660,Dress,Adidas,41,2.689886463
30,661,Jeans,Gucci,71,1.533612141
4,662,Dress,Nike,14,3.456740111
17,663,Sweater,Zara,52,1.194964203
33,664,Shoes,H&M,28,4.464839095
89,665,T-shirt,H&M,25,3.171747047
37,666,T-shirt,H&M,76,1.938962642
49,667,Shoes,Nike,64,1.098235316
77,668,Shoes,Zara,11,1.842278867
100,669,Shoes,Adidas,66,2.929741597
48,670,T-shirt,Gucci,55,4.268877638
8,671,Dress,Adidas,16,3.234874807
31,672,Sweater,Zara,93,2.958262822
79,673,T-shirt,Gucci,83,3.184013143
2,674,Shoes,Adidas,72,1.947337779
11,675,Sweater,Nike,29,1.398131792
25,676,Shoes,Nike,11,2.779424045
74,677,Shoes,Gucci,68,4.565208379
11,678,Dress,H&M,85,2.862980933
99,679,Jeans,Adidas,19,1.179131481
5,680,Dress,Nike,55,4.049538098
59,681,Shoes,Zara,24,3.809658144
13,682,Jeans,Adidas,52,4.35132221
75,683,Jeans,Gucci,31,2.410307487
31,684,Dress,Adidas,12,3.941315472
37,685,Jeans,Nike,19,1.269435005
9,686,Jeans,H&M,75,2.946505642
35,687,Sweater,H&M,74,4.17408542
19,688,Sweater,H&M,91,1.373619967
5,689,Jeans,H&M,32,3.22134178
11,690,Jeans,H&M,34,2.152949486
38,691,T-shirt,Adidas,13,3.268427817
91,692,Dress,Nike,39,4.705354779
44,693,Shoes,Nike,62,2.554303203
98,694,T-shirt,Adidas,51,2.050063994
45,695,Dress,Zara,78,4.734713084
81,696,Sweater,Adidas,39,4.592766561
61,697,T-shirt,Nike,99,4.804098158
82,698,Sweater,Zara,85,1.804396765
52,699,T-shirt,Adidas,50,1.653623132
96,700,Dress,H&M,78,4.824649275
34,701,Jeans,Nike,17,2.258849245
46,702,Shoes,Gucci,58,4.794781603
27,703,Shoes,Gucci,21,3.425180331
6,704,T-shirt,Adidas,38,4.979678294
32,705,Dress,Nike,67,2.196904671
91,706,Jeans,Gucci,69,1.050046258
100,707,Dress,Adidas,68,4.295812637
17,708,T-shirt,Nike,76,4.448919723
57,709,T-shirt,Adidas,53,1.683155281
50,710,Sweater,Zara,58,2.169090131
37,711,Jeans,Adidas,34,3.483939735
76,712,Shoes,Gucci,100,4.610941929
25,713,Jeans,Gucci,75,4.440120163
91,714,Shoes,Zara,35,2.491495141
48,715,Shoes,Nike,84,4.868671076
11,716,Shoes,Adidas,68,3.928338293
8,717,Sweater,Nike,34,4.226909223
73,718,T-shirt,Zara,30,1.373331834
59,719,Dress,H&M,34,1.939961599
97,720,Shoes,Adidas,27,2.573743469
42,721,Shoes,Zara,77,2.206169939
78,722,Dress,Adidas,73,3.957991511
55,723,T-shirt,Nike,97,1.109084448
82,724,Shoes,Adidas,57,3.165324059
87,725,Jeans,Gucci,12,3.805121226
40,726,T-shirt,Nike,10,3.206257442
72,727,Jeans,Adidas,11,4.420346267
95,728,Dress,Zara,63,2.409415897
26,729,Sweater,Gucci,10,2.728688821
72,730,Jeans,Zara,68,1.607311682
20,731,Sweater,Adidas,62,4.898212138
48,732,Shoes,Zara,28,2.645058812
89,733,Sweater,Adidas,75,4.891155555
89,734,Dress,Zara,80,1.592563595
65,735,Sweater,H&M,28,3.902509392
11,736,T-shirt,Adidas,94,2.761694311
20,737,T-shirt,Adidas,78,1.126795615
30,738,Jeans,H&M,100,1.033843193
24,739,Sweater,Gucci,80,1.230817612
68,740,Dress,Nike,72,3.691134961
49,741,Shoes,Nike,81,3.386836818
54,742,Dress,H&M,85,3.462802611
15,743,Jeans,H&M,55,1.729135622
21,744,Shoes,Zara,97,2.999073583
73,745,Sweater,Zara,40,3.753972994
13,746,Shoes,Gucci,21,1.250641246
37,747,Jeans,Adidas,73,1.419739933
87,748,Sweater,Zara,45,3.346345375
31,749,Shoes,Gucci,43,2.386806405
71,750,Shoes,Nike,57,3.727593991
65,751,Jeans,Gucci,72,2.097525173
14,752,Dress,Gucci,72,1.973300966
17,753,Jeans,Zara,86,4.209098217
63,754,Jeans,Gucci,79,1.893823744
99,755,T-shirt,Zara,90,3.46720994
37,756,Jeans,Adidas,34,1.669924032
66,757,Shoes,Gucci,61,4.188203485
32,758,Jeans,Nike,51,4.222293806
39,759,Shoes,Gucci,65,1.829285875
35,760,Jeans,Nike,57,3.458410207
86,761,Dress,H&M,92,3.643455854
8,762,Jeans,Nike,50,3.804358644
71,763,T-shirt,Nike,25,2.085546642
10,764,Dress,H&M,30,2.061492073
25,765,Sweater,H&M,86,4.826714567
25,766,Jeans,Zara,40,4.461908067
83,767,Shoes,H&M,72,4.63013782
12,768,Shoes,H&M,95,4.599817817
71,769,Sweater,Zara,28,4.476172222
93,770,T-shirt,H&M,14,4.680516842
71,771,T-shirt,Zara,82,1.565842609
34,772,Shoes,Gucci,24,4.773680199
70,773,Shoes,Nike,74,2.504876163
74,774,Dress,H&M,94,2.977355256
39,775,Dress,H&M,60,3.201146073
73,776,Dress,Nike,86,2.219384304
40,777,Jeans,Adidas,88,1.798129096
25,778,Dress,Nike,80,3.975467678
98,779,Jeans,Nike,94,3.726035874
46,780,T-shirt,Gucci,89,1.721478784
83,781,Sweater,Nike,85,4.828402785
23,782,T-shirt,Adidas,31,1.94808694
76,783,Jeans,H&M,59,2.197254325
95,784,Sweater,Zara,46,3.073906222
77,785,T-shirt,H&M,57,1.269834028
65,786,T-shirt,H&M,73,3.958356668
91,787,Dress,H&M,96,3.25514699
34,788,Jeans,Adidas,74,3.143872925
22,789,Jeans,Nike,99,2.514204912
31,790,Shoes,Adidas,34,1.09856738
73,791,Jeans,Gucci,58,3.648417121
88,792,Sweater,Adidas,88,4.645175947
28,793,T-shirt,Zara,82,1.320470072
9,794,Jeans,H&M,68,4.293960351
2,795,Jeans,Gucci,30,1.481966572
3,796,Jeans,H&M,86,1.85639746
68,797,Sweater,H&M,62,1.117533504
28,798,Jeans,H&M,75,1.796726721
48,799,Shoes,Adidas,20,2.327887123
61,800,T-shirt,H&M,38,4.782806322
33,801,Jeans,Zara,39,3.513026866
66,802,Shoes,Gucci,26,2.642952863
56,803,Sweater,Nike,13,1.615425214
66,804,T-shirt,Zara,91,2.630726641
53,805,Dress,H&M,84,3.389745863
100,806,Jeans,Zara,11,3.778630527
74,807,Jeans,Zara,31,2.003227449
20,808,T-shirt,Adidas,26,4.324805159
5,809,Jeans,Adidas,22,3.142595278
31,810,Jeans,Zara,39,1.066913371
9,811,Jeans,Gucci,63,1.843096781
9,812,Dress,Nike,23,1.176733499
42,813,Sweater,Zara,97,3.05083263
62,814,Sweater,Zara,48,2.795980171
78,815,Sweater,Zara,16,3.127369464
24,816,Jeans,Nike,86,1.090838624
51,817,T-shirt,Adidas,15,1.160500672
42,818,Dress,Nike,36,4.022938202
45,819,T-shirt,Zara,41,3.443916707
91,820,T-shirt,Nike,49,3.15966154
65,821,Dress,H&M,30,3.637743931
75,822,T-shirt,Gucci,48,4.743995466
65,823,T-shirt,H&M,77,2.88300725
3,824,Shoes,Zara,17,1.080282827
32,825,T-shirt,Zara,12,1.851395713
35,826,Shoes,Adidas,92,4.775265823
13,827,Shoes,Nike,92,1.780308671
94,828,Sweater,H&M,29,4.401707974
18,829,Dress,Adidas,19,4.257084648
94,830,Jeans,Gucci,54,3.729791859
19,831,Jeans,Gucci,37,2.548301229
96,832,Jeans,Nike,87,2.357340748
70,833,Sweater,H&M,82,1.100055884
99,834,Shoes,H&M,98,3.776324762
15,835,T-shirt,Nike,84,2.891092635
93,836,Jeans,Gucci,21,4.24899806
59,837,Shoes,Nike,50,2.406013134
33,838,Jeans,Zara,60,2.677289107
26,839,Dress,Nike,68,2.655170363
73,840,Shoes,Zara,84,3.154720588
56,841,Dress,Zara,37,3.005164208
59,842,Jeans,Adidas,44,3.062273281
52,843,Shoes,Nike,91,2.723012964
1,844,Sweater,Zara,11,2.885109374
66,845,Sweater,Gucci,92,2.102424601
82,846,T-shirt,Nike,26,4.304919134
88,847,T-shirt,Gucci,10,1.37498193
78,848,Shoes,Nike,31,3.763596385
14,849,Dress,Nike,60,3.642990691
2,850,T-shirt,Nike,73,1.270582725
24,851,Jeans,Nike,46,2.685204468
38,852,Jeans,H&M,83,3.011248497
5,853,Dress,H&M,20,3.009772948
72,854,T-shirt,Adidas,83,3.709391012
96,855,Jeans,H&M,88,1.902236722
55,856,Jeans,Gucci,93,1.801034634
37,857,Dress,H&M,93,4.350896543
64,858,T-shirt,Zara,96,4.451841229
48,859,T-shirt,Adidas,44,1.400216676
75,860,Dress,Nike,43,4.027847422
60,861,Shoes,Gucci,98,4.660135925
61,862,Sweater,Adidas,14,1.578920563
49,863,Shoes,Gucci,99,1.433025224
22,864,Sweater,Nike,48,3.940945968
54,865,Jeans,Gucci,80,1.672864993
89,866,Shoes,H&M,66,4.550095006
3,867,Jeans,Nike,90,4.23510887
84,868,Sweater,Gucci,72,3.929471959
98,869,Jeans,Zara,100,1.839078605
100,870,Jeans,Nike,26,2.708009138
56,871,Shoes,H&M,66,2.622370915
94,872,Jeans,H&M,96,4.646393154
16,873,T-shirt,Gucci,27,3.33871116
54,874,Dress,Gucci,45,4.163516573
74,875,Jeans,Adidas,52,3.275055379
26,876,Dress,Nike,82,1.298168634
92,877,Sweater,Zara,29,4.500430873
34,878,Sweater,Nike,59,4.02396113
1,879,T-shirt,Nike,67,4.301461671
18,880,Sweater,Zara,48,1.937806814
25,881,Shoes,H&M,20,2.763920221
35,882,Sweater,Gucci,57,2.414504767
73,883,Shoes,Nike,49,1.933797663
94,884,Dress,Zara,51,2.894494254
90,885,T-shirt,Zara,94,3.031971532
38,886,Dress,Gucci,27,3.416143046
79,887,Sweater,Adidas,88,3.645241825
39,888,Sweater,Gucci,73,4.95344589
60,889,Shoes,Adidas,25,4.59601947
67,890,T-shirt,H&M,42,1.041106324
32,891,Dress,H&M,84,1.444006996
63,892,T-shirt,Adidas,62,3.942359066
98,893,Shoes,H&M,76,2.072747672
22,894,Shoes,Adidas,37,1.411357396
89,895,Jeans,Gucci,88,2.104328277
41,896,Jeans,Gucci,80,4.369727157
84,897,Jeans,H&M,22,3.816709538
98,898,Dress,Nike,44,4.210620205
83,899,Shoes,Gucci,85,2.401789778
94,900,T-shirt,Nike,91,1.608144765
44,901,Jeans,Zara,41,4.640523706
91,902,Shoes,Gucci,40,3.187460265
27,903,Sweater,Nike,99,2.190807735
80,904,Sweater,Zara,27,1.766195134
87,905,Jeans,Nike,83,1.050332468
5,906,Shoes,Nike,23,2.547022476
38,907,T-shirt,Adidas,27,1.573352781
32,908,Shoes,Zara,36,3.194487396
80,909,Jeans,Nike,32,3.325650558
45,910,Sweater,Adidas,34,1.202652212
63,911,Jeans,Nike,89,2.09992246
40,912,Dress,Adidas,22,3.287389527
25,913,Shoes,Gucci,56,3.96900792
11,914,T-shirt,H&M,46,4.057433316
14,915,Shoes,Adidas,35,2.930754718
89,916,Sweater,Nike,91,3.456679608
8,917,Jeans,Zara,23,2.835769687
76,918,Shoes,H&M,73,3.803150908
83,919,Shoes,Adidas,96,3.356797624
21,920,T-shirt,Gucci,95,3.804940641
13,921,Jeans,Gucci,24,2.916489594
81,922,Jeans,Gucci,45,4.575139767
13,923,Sweater,Zara,79,2.829893583
92,924,Sweater,Nike,80,3.703265445
40,925,Sweater,H&M,69,3.283881049
37,926,Dress,Zara,73,2.190376484
29,927,T-shirt,Adidas,71,4.946757548
37,928,Sweater,Adidas,10,4.585559724
64,929,Shoes,Gucci,33,3.989968345
49,930,T-shirt,Adidas,31,3.012986786
19,931,Dress,Zara,73,3.85576932
64,932,Jeans,H&M,68,2.563700693
16,933,Sweater,Adidas,76,3.391888262
98,934,T-shirt,Nike,82,2.636831887
77,935,Sweater,Adidas,60,1.883630519
72,936,Sweater,Gucci,33,1.881446925
80,937,T-shirt,Gucci,38,1.123239786
30,938,T-shirt,Gucci,100,3.217890048
81,939,Jeans,H&M,93,4.945684191
63,940,T-shirt,Gucci,77,3.721576137
24,941,Jeans,Zara,70,1.659599166
60,942,Shoes,Adidas,49,1.968877422
37,943,Jeans,Gucci,71,4.056119883
65,944,Sweater,H&M,49,3.077371474
72,945,Jeans,Gucci,58,2.013072552
78,946,Sweater,H&M,15,1.668270797
1,947,T-shirt,Zara,48,3.155635638
37,948,Sweater,Gucci,83,3.551765705
4,949,T-shirt,Zara,96,4.472837069
4,950,T-shirt,Zara,86,1.706311201
61,951,Sweater,Nike,62,2.948747206
17,952,Dress,Zara,60,2.554289247
88,953,Jeans,Nike,19,1.541984698
61,954,T-shirt,Gucci,74,2.802296653
81,955,Jeans,Nike,64,1.797722997
39,956,Sweater,H&M,88,3.912168792
2,957,Jeans,Nike,57,4.928868618
46,958,Shoes,Adidas,16,2.204637506
100,959,Sweater,H&M,45,2.565573143
94,960,Jeans,Gucci,50,4.139661022
62,961,Jeans,Nike,40,1.730071279
4,962,Shoes,Adidas,97,2.608358765
85,963,Shoes,H&M,21,4.284576209
1,964,Dress,Nike,31,4.541801543
21,965,Sweater,Nike,55,3.504891539
6,966,Jeans,Gucci,66,4.865912995
92,967,Shoes,Gucci,85,4.003376677
84,968,Sweater,Gucci,46,1.339532012
12,969,T-shirt,Gucci,26,2.308312119
78,970,Sweater,H&M,19,4.97683245
82,971,Shoes,H&M,45,3.375717766
84,972,Jeans,Gucci,14,4.783297803
4,973,Jeans,H&M,20,3.740671233
56,974,Shoes,Gucci,72,3.100457611
46,975,Dress,Zara,19,3.101054267
82,976,Dress,Nike,42,1.53547692
4,977,T-shirt,Nike,91,4.040697716
23,978,T-shirt,Zara,98,4.176305464
77,979,T-shirt,Nike,96,1.893288846
28,980,T-shirt,H&M,50,4.812332539
35,981,Shoes,Nike,97,3.444967623
50,982,Jeans,Nike,11,4.038688935
94,983,Dress,Zara,50,4.457362282
70,984,Dress,Gucci,64,2.906020182
57,985,T-shirt,H&M,36,2.512345782
1,986,Shoes,Gucci,11,4.614652816
77,987,Shoes,H&M,42,3.249077163
80,988,T-shirt,H&M,56,2.573964548
67,989,T-shirt,Adidas,78,4.715256874
51,990,T-shirt,Gucci,16,3.39256674
60,991,Shoes,Nike,25,4.972677491
42,992,T-shirt,Gucci,91,4.922173019
89,993,Shoes,H&M,33,4.000541836
59,994,Sweater,H&M,89,4.44083287
34,995,Sweater,Adidas,58,4.395111619
20,996,Shoes,Zara,55,1.620080592
42,997,Sweater,Nike,13,1.544463934
9,998,Sweater,Zara,47,3.961913076
8,999,T-shirt,Zara,68,3.089721518
91,1000,Shoes,Adidas,79,3.093552988
